Cordelia,O'Kon,kon_o_cordelia@kiehn.io,1996-00-15
Kallie,King,king.kallie@marvin.name,2003-00-24
Zackery,Will,zackery_will@ledner.biz,1984-00-19
Terence,Luettgen,luettgen_terence@legros.com,1958-00-11
Unique,Purdy,unique_purdy@ferry.net,1960-00-23
Daija,Stanton,daija_stanton@tillman.com,1980-00-15
Myles,Runolfsdottir,runolfsdottir_myles@streich.info,1998-00-16
Viviane,Haag,,1975-00-13
Orland,Bailey,orland_bailey@kris.org,2003-00-29
Ruth,Kuphal,,1983-00-08
Sage,Upton,upton_sage@mcclure.io,1960-00-11
Arely,Johnston,johnston_arely@wiegand.biz,1993-00-17
Ramona,Roob,ramona.roob@herzog.co,1989-00-14
Deshaun,Nader,,1994-00-19
Taylor,Toy,toy_taylor@moriette.co,1994-00-07
Quinten,Roob,quinten_roob@ricebartoletti.net,1985-00-19
Eli,Aufderhar,aufderhar.eli@turcotte.org,1975-00-04
Howell,Schmitt,schmitt_howell@schinner.com,2002-00-19
Diego,Sawayn,diego.sawayn@weberullrich.info,1983-00-27
Monserrat,Wintheiser,monserrat_wintheiser@west.com,1958-00-08
Electa,Feest,electa.feest@weimann.org,1976-00-28
Abe,Huels,abe.huels@mills.biz,2002-00-13
Ila,Pfeffer,ila.pfeffer@cummingsokon.io,1962-00-08
Thora,Tremblay,thora_tremblay@kuhlman.io,1969-00-30
Spencer,Jaskolski,spencer.jaskolski@kingdibbert.name,1994-00-06
Adrian,Carter,adrian.carter@metz.io,1983-00-24
Maya,Ruecker,maya.ruecker@wiza.com,1984-00-08
Sim,Hessel,sim_hessel@lebsackbatz.io,1983-00-31
Saige,McLaughlin,mclaughlin_saige@schaden.org,1996-00-05
Charlotte,Jones,,1974-00-14
Serenity,Torphy,serenity.torphy@funk.info,1997-00-02
Adrian,Eichmann,,2003-00-16
Dewitt,Hessel,hessel_dewitt@nitzsche.info,1991-00-09
Geo,Ryan,,1964-00-04
Maryam,Borer,,1976-00-27
Camila,Mueller,,1991-00-16
Talon,Schiller,,1994-00-06
Anita,Leuschke,leuschke.anita@pacochahartmann.name,1975-00-18
Violette,Kuhn,kuhn.violette@beer.io,1958-00-22
Kyla,Kunde,,2001-00-11
Eriberto,Miller,miller.eriberto@zulaufko.co,1995-00-24
Leda,DuBuque,dubuque_leda@spencer.co,1986-00-24
Monica,Thiel,,1996-00-20
Lucy,Stanton,,1988-00-09
Sven,Little,sven.little@hilpert.co,1989-00-03
Milford,Jacobi,,1979-00-05
Tevin,Stehr,,1984-00-21
Mable,Lemke,lemke.mable@collier.io,1965-00-17
Angela,Schulist,,1964-00-05
Edyth,Jerde,,1972-00-02
Johnnie,Carroll,johnnie_carroll@wolf.co,1956-00-01
Myrtis,Fisher,fisher.myrtis@reinger.com,1990-00-23
Reid,Morissette,,1989-00-19
Ryann,Nolan,ryann_nolan@bergnaumwyman.org,1995-00-17
Valentine,Boehm,valentine.boehm@schaden.io,1960-00-07
Sean,Bergnaum,bergnaum_sean@mcglynn.name,1965-00-16
Rubye,Botsford,,1989-00-27
Gayle,Muller,gayle.muller@heaneykilback.name,1991-00-15
Lisa,Herman,lisa_herman@hegmannlangosh.org,1985-00-11
Don,Bins,don.bins@hartmann.com,1970-00-02
Jamal,Strosin,,1990-00-19
Scotty,Morissette,,1977-00-19
Alayna,Rolfson,,1981-00-16
Delphia,Stracke,delphia_stracke@white.org,2001-00-26
Herman,Collins,herman_collins@robelfritsch.name,1990-00-23
Gust,Kris,gust.kris@oreilly.info,2001-00-04
Billie,Berge,billie_berge@medhurstmraz.biz,2000-00-17
Abelardo,Funk,abelardo_funk@klocko.biz,1969-00-06
Dereck,Schowalter,,1988-00-30
Mckenzie,Goyette,goyette.mckenzie@graham.io,1980-00-16
Lindsay,Schulist,schulist_lindsay@hilpert.biz,1990-00-27
Dariana,Zboncak,zboncak_dariana@collier.net,1978-00-08
Jessyca,Heaney,,1981-00-16
Lawson,Halvorson,halvorson.lawson@roberts.biz,1983-00-07
Whitney,Swaniawski,whitney_swaniawski@herman.io,2003-00-05
Megane,Bogisich,bogisich_megane@cartwright.net,2002-00-14
Bertha,Dare,bertha_dare@hartmann.org,1967-00-31
Roosevelt,Lindgren,,1999-00-16
Denis,Fritsch,fritsch_denis@hermanfritsch.name,1987-00-11
Marcellus,O'Hara,o_hara_marcellus@hageneskonopelski.org,1983-00-03
Nikita,Keebler,keebler.nikita@von.org,1990-00-07
Ike,Kuhic,kuhic.ike@ruel.co,1996-00-04
Narciso,Bechtelar,bechtelar.narciso@konopelskigaylord.info,1956-00-05
Ella,Kub,ella.kub@fritsch.biz,1993-00-04
Lura,Prohaska,lura.prohaska@lynch.net,1984-00-25
Arielle,Tillman,tillman.arielle@schmittcorwin.name,1963-00-22
Clemmie,Heaney,heaney.clemmie@rippin.name,1960-00-08
Vern,Zboncak,,1988-00-20
Jordyn,Prohaska,jordyn.prohaska@reynolds.org,1991-00-12
Evan,Greenholt,greenholt_evan@altenwerth.org,1962-00-15
Angel,Goodwin,,1974-00-16
Mackenzie,Nitzsche,mackenzie_nitzsche@mitchellblock.name,1975-00-23
Modesta,Bergstrom,modesta.bergstrom@schumm.co,1993-00-15
Maybelle,Hoppe,maybelle.hoppe@heaneykoepp.io,1977-00-03
Erika,Crist,crist.erika@pfeffer.name,1987-00-15
Delia,Gorczany,,1981-00-30
Ryann,Hoppe,ryann_hoppe@goldnermoen.org,1981-00-02
Casandra,Veum,,1999-00-14
Ronaldo,Bahringer,bahringer_ronaldo@barton.co,1973-00-24
Orie,Botsford,orie_botsford@schultztorphy.biz,1993-00-14
