1,Trisha,Barrows,barrows.trisha@mitchell.name,"=""1998-03-06"""
2,Nickolas,Jakubowski,jakubowski.nickolas@mcdermott.net,"=""1985-01-06"""
3,Meggie,Herman,Meggie.Herman,"=""1958-04-28"""
4,Veda,Bogisich,veda_bogisich@klocko.io,"=""1985-05-15"""
5,Jazmyn,Schmitt,schmitt_jazmyn@davis.org,"=""2003-01-27"""
6,Presley,Rau,Presley.Rau,"=""2002-10-27"""
7,Yessenia,Rowe,rowe_yessenia@jacobibednar.org,"=""2003-03-14"""
8,Aurelio,Leannon,leannon.aurelio@cummeratatorphy.org,"=""1972-09-08"""
9,Wilhelmine,Schuster,Wilhelmine.Schuster,"=""1973-06-09"""
10,Geraldine,Wolff,geraldine.wolff@kemmer.co,"=""1996-07-07"""
11,Lulu,Dicki,dicki.lulu@dooley.name,"=""1978-10-13"""
12,Angie,Pacocha,pacocha_angie@torphy.org,"=""1980-08-15"""
13,Burley,Halvorson,burley.halvorson@grady.info,"=""1991-12-19"""
14,Clair,Dickinson,dickinson_clair@rodriguez.net,"=""1990-08-09"""
15,Abraham,Nikolaus,abraham_nikolaus@dickens.biz,"=""1968-09-05"""
16,Humberto,Howell,Humberto.Howell,"=""1968-09-01"""
17,Faustino,Rippin,rippin_faustino@collier.co,"=""1966-09-18"""
18,Marie,Beier,marie.beier@predovic.biz,"=""1993-06-05"""
19,Rudy,Klocko,rudy_klocko@skilesmaggio.io,"=""1969-12-11"""
20,Randal,Ratke,ratke.randal@bradtke.info,"=""1972-05-29"""
21,Jordon,Block,,"=""1994-03-10"""
22,Diego,Larson,Diego.Larson,"=""1982-03-15"""
23,Jaren,Barton,jaren_barton@homenickrunolfsdottir.org,"=""1982-01-31"""
24,Candice,Mayer,,"=""1969-05-06"""
25,Lottie,Bruen,Lottie.Bruen,"=""1969-09-29"""
26,Abigale,Spencer,abigale.spencer@kuhlmanthompson.org,"=""1988-02-15"""
27,Gussie,Murray,Gussie.Murray,"=""1969-11-22"""
28,Rosa,Bayer,Rosa.Bayer,"=""1989-12-13"""
29,Jordane,Boyle,boyle.jordane@luettgen.org,"=""1994-10-03"""
30,Howard,Schaefer,howard_schaefer@armstrong.info,"=""1999-08-04"""
